v3pilot_s0	AI_Practitioner	experiments/v3_pilot/20260927-233240_AI_Practitioner
v3pilotk1_s0	AI_Practitioner	experiments/v3_pilot/20260927-233240_AI_Practitioner_k1
v3pilotk3_s0	AI_Practitioner	experiments/v3_pilot/20260927-233240_AI_Practitioner_k3
v3pilot_s5	AI_Practitioner	experiments/v3_pilot/20260927-233320_AI_Practitioner
v3pilotk1_s5	AI_Practitioner	experiments/v3_pilot/20260927-233320_AI_Practitioner_k1
v3pilotk3_s5	AI_Practitioner	experiments/v3_pilot/20260927-233320_AI_Practitioner_k3
v3pilot_s0	CloudAdmin	experiments/v3_pilot/20260927-233400_CloudAdmin
v3pilotk1_s0	CloudAdmin	experiments/v3_pilot/20260927-233400_CloudAdmin_k1
v3pilotk3_s0	CloudAdmin	experiments/v3_pilot/20260927-233400_CloudAdmin_k3
v3pilot_s5	CloudAdmin	experiments/v3_pilot/20260927-233438_CloudAdmin
v3pilotk1_s5	CloudAdmin	experiments/v3_pilot/20260927-233438_CloudAdmin_k1
v3pilotk3_s5	CloudAdmin	experiments/v3_pilot/20260927-233438_CloudAdmin_k3
v3pilot_s0	CloudDevOps	experiments/v3_pilot/20260927-233526_CloudDevOps
v3pilotk1_s0	CloudDevOps	experiments/v3_pilot/20260927-233526_CloudDevOps_k1
v3pilotk3_s0	CloudDevOps	experiments/v3_pilot/20260927-233526_CloudDevOps_k3
v3pilot_s5	CloudDevOps	experiments/v3_pilot/20260927-233604_CloudDevOps
v3pilotk1_s5	CloudDevOps	experiments/v3_pilot/20260927-233604_CloudDevOps_k1
v3pilotk3_s5	CloudDevOps	experiments/v3_pilot/20260927-233604_CloudDevOps_k3
v3pilot_s0	CloudNative	experiments/v3_pilot/20260928-000057_CloudNative
v3pilotk1_s0	CloudNative	experiments/v3_pilot/20260928-000057_CloudNative_k1
v3pilotk3_s0	CloudNative	experiments/v3_pilot/20260928-000057_CloudNative_k3
v3pilot_s5	CloudNative	experiments/v3_pilot/20260928-002629_CloudNative
v3pilotk1_s5	CloudNative	experiments/v3_pilot/20260928-002629_CloudNative_k1
v3pilotk3_s5	CloudNative	experiments/v3_pilot/20260928-002629_CloudNative_k3
v3pilot_s0	DataEng	experiments/v3_pilot/20260928-005838_DataEng
v3pilotk1_s0	DataEng	experiments/v3_pilot/20260928-005838_DataEng_k1
v3pilotk3_s0	DataEng	experiments/v3_pilot/20260928-005838_DataEng_k3
v3pilot_s5	DataEng	experiments/v3_pilot/20260928-012725_DataEng
v3pilotk3_s5	DataEng	experiments/v3_pilot/20260928-012725_DataEng_k3
