E4_v1ref_s0	DataEng	experiments/v1/E3/DataEng_s0
E4_v1ref_s0	PPP	experiments/v1/E3/PPP_s0
E4_v1ref_s1	DataEng	experiments/v1/E3/DataEng_s1
E4_v1ref_s1	PPP	experiments/v1/E3/PPP_s1
E4_v1ref_s2	DataEng	experiments/v1/E3/DataEng_s2
E4_v1ref_s2	PPP	experiments/v1/E3/PPP_s2
E4_v1ref_s3	DataEng	experiments/v2/E4_v1ref/DataEng_s3
E4_v1ref_s4	DataEng	experiments/v2/E4_v1ref/DataEng_s4
E4_v1ref_s5	DataEng	experiments/v2/E4_v1ref/DataEng_s5
E4_s0	DataEng	experiments/v2/E4/DataEng_s0
E4_s3	DataEng	experiments/v2/E4/DataEng_s3
E4_v1ref_s3	PPP	experiments/v2/E4_v1ref/PPP_s3
E4_v1ref_s4	PPP	experiments/v2/E4_v1ref/PPP_s4
E4_v1ref_s5	PPP	experiments/v2/E4_v1ref/PPP_s5
E4_s0	PPP	experiments/v2/E4/PPP_s0
E4_s3	PPP	experiments/v2/E4/PPP_s3
